{"cameraMode":{"drawMode":0,"name":"Shaded","section":"Shading Mode"},"sceneLighting":false,"audioPlay":false,"sceneViewState":{"m_AlwaysRefresh":false,"showFog":true,"showSkybox":true,"showFlares":true,"showImageEffects":true,"showParticleSystems":true,"showVisualEffectGraphs":true,"m_FxEnabled":true},"in2DMode":false,"pivot":{"x":-0.16295024752616883,"y":0.47317707538604739,"z":0.28231167793273928},"rotation":{"x":0.010684038512408734,"y":0.8831286430358887,"z":-0.46856847405433657,"w":0.020140469074249269},"size":1.8433012962341309,"orthographic":false}